usage_id,customer_id,activity_date,minutes_used,Device,content_category,platform
U200000,C100008,2025-01-19,14,TV,Documentary,Netflix
U200001,C100704,2025-07-20,90,TV,Music,Spotify
U200002,C100944,2024-10-28,39,Web,Kids,Disney+
U200003,C100503,2025-01-23,27,Web,Kids,Disney+
U200004,C100969,2024-11-18,5,Web,Education,Coursera
U200005,C100773,2024-09-21,5,TV,Movies,Prime Video
U200006,C100488,2025-07-15,1,Web,Sports,ESPN
U200007,C100306,2025-05-04,60,Mobile,Music,Spotify
U200008,C100009,2025-03-13,27,TV,Kids,Disney+
U200009,C100784,2024-12-27,36,Web,Music,Spotify
U200010,C100440,2025-01-18,1,Mobile,Sports,ESPN
U200011,C100817,2025-03-07,105,TV,Music,Spotify
U200012,C100299,2025-03-16,53,Web,Sports,ESPN
U200013,C100611,2024-12-16,7,Web,Sports,ESPN
U200014,C100236,2025-05-16,6,TV,Kids,Disney+
U200015,C100815,2025-01-05,6,TV,Kids,Disney+
U200016,C100007,2025-03-12,10,Web,Sports,ESPN
U200017,C100561,2024-09-30,22,Web,Education,Coursera
U200018,C100382,2025-07-13,16,Web,Series,MovieMax
U200019,C100193,2024-08-21,10,TV,Sports,ESPN
U200020,C100421,2024-11-18,28,Web,Movies,Prime Video
U200021,C100903,2025-05-29,4,Mobile,Kids,Disney+
U200022,C100574,2024-12-15,10,Web,Documentary,Netflix
U200023,C100447,2024-09-13,13,Mobile,Kids,Disney+
U200024,C100404,2024-12-21,18,TV,Sports,ESPN
U200025,C100255,2025-06-24,46,Web,Kids,Disney+
U200026,C100167,2024-11-26,6,TV,Sports,ESPN
U200027,C100732,2025-06-13,21,Web,Music,Spotify
U200028,C100754,2025-05-09,26,Web,Documentary,Netflix
U200029,C100661,2024-10-14,1,Web,Education,Coursera
U200030,C100399,2024-08-18,28,Mobile,Documentary,Netflix
U200031,C100848,2024-11-03,5,TV,Documentary,Netflix
U200032,C100387,2025-06-01,2,TV,Movies,Prime Video
U200033,C100225,2025-01-20,89,Web,Movies,Prime Video
U200034,C100269,2025-01-10,101,Web,Sports,ESPN
U200035,C100081,2025-02-25,49,Web,Movies,Prime Video
U200036,C100432,2024-12-22,10,Mobile,Series,TuneWave
U200037,C100640,2025-07-28,3,Mobile,Education,Coursera
U200038,C100245,2025-05-10,34,TV,Documentary,Netflix
U200039,C100529,2024-12-20,17,TV,Documentary,Netflix
U200040,C100782,2024-10-11,3,Mobile,Education,Coursera
U200041,C100819,2024-08-10,20,Mobile,Music,Spotify
U200042,C100931,2025-04-28,1,Web,Sports,ESPN
U200043,C100627,2024-12-20,72,TV,Movies,Prime Video
U200044,C100826,2025-06-24,8,TV,Education,Coursera
U200045,C100710,2025-04-03,32,TV,Music,Spotify
U200046,C100701,2025-02-25,11,Web,Documentary,Netflix
U200047,C100278,2024-08-20,22,Mobile,Kids,Disney+
U200048,C100291,2024-09-11,23,Web,Movies,Prime Video
U200049,C100664,2024-08-10,6,Web,Kids,Disney+
U200050,C100760,2025-05-18,104,TV,Documentary,Netflix
U200051,C100544,2025-06-07,44,Web,Documentary,Netflix
U200052,C100828,2025-06-24,84,Mobile,Kids,Disney+
U200053,C100275,2025-06-12,67,Web,Documentary,Netflix
U200054,C100422,2024-08-13,27,Web,Movies,Prime Video
U200055,C100192,2024-12-22,76,Mobile,Music,Spotify
U200056,C100873,2024-09-19,2,Web,Series,EduPrime
U200057,C100070,2025-02-05,6,Mobile,Series,Netflix
U200058,C100186,2025-06-27,1,Web,Series,FoodDash
U200059,C100139,2024-11-14,11,TV,Music,Spotify
U200060,C100296,2024-08-12,14,Mobile,Documentary,Netflix
U200061,C100113,2025-01-25,9,TV,Sports,ESPN
U200062,C100652,2024-11-21,52,Web,Movies,Prime Video
U200063,C100466,2024-09-30,13,Mobile,Music,Spotify
U200064,C100632,2025-05-20,9,Web,Movies,Prime Video
U200065,C100463,2025-01-28,23,TV,Education,Coursera
U200066,C100278,2024-11-01,4,Web,Documentary,Netflix
U200067,C100717,2025-01-27,48,Web,Movies,Prime Video
U200068,C100637,2025-07-18,2,Web,Documentary,Netflix
U200069,C100503,2025-05-14,130,TV,Series,Netflix
U200070,C100192,2025-02-19,44,TV,Movies,Prime Video
U200071,C100328,2024-10-24,6,Mobile,Sports,ESPN
U200072,C100019,2024-09-06,1,Web,Documentary,Netflix
U200073,C100155,2025-05-25,50,Web,Movies,Prime Video
U200074,C100050,2025-05-18,36,Mobile,Kids,Disney+
U200075,C100992,2025-05-27,39,Web,Music,Spotify
U200076,C100547,2025-05-10,44,Web,Education,Coursera
U200077,C100022,2024-08-10,2,Web,Kids,Disney+
U200078,C100190,2025-07-14,13,Web,Sports,ESPN
U200079,C100995,2025-01-07,3,Web,Sports,ESPN
U200080,C100104,2025-03-05,59,TV,Kids,Disney+
U200081,C100288,2025-03-04,29,TV,Documentary,Netflix
U200082,C100275,2024-12-24,12,TV,Movies,Prime Video
U200083,C100128,2025-03-15,1,Mobile,Music,Spotify
U200084,C100732,2024-09-23,11,Mobile,Kids,Disney+
U200085,C100448,2025-05-09,11,TV,Sports,ESPN
U200086,C100744,2025-06-10,39,Mobile,Movies,Prime Video
U200087,C100008,2025-06-03,30,TV,Documentary,Netflix
U200088,C100238,2025-04-28,65,Web,Kids,Disney+
U200089,C100092,2025-08-08,19,Web,Sports,ESPN
U200090,C100154,2024-09-25,3,Web,Kids,Disney+
U200091,C100015,2025-04-02,37,TV,Documentary,Netflix
U200092,C100505,2025-08-03,42,Mobile,Sports,ESPN
U200093,C100222,2024-12-18,24,TV,Movies,Prime Video
U200094,C100350,2024-11-28,44,Mobile,Education,Coursera
U200095,C100430,2024-11-27,20,Mobile,Kids,Disney+
U200096,C100319,2024-11-04,22,Web,Movies,Prime Video
U200097,C100804,2025-08-07,16,Web,Music,Spotify
U200098,C100818,2024-10-02,1,TV,Music,Spotify
U200099,C100510,2024-11-30,3,TV,Series,FoodDash
U200100,C100380,2025-04-10,1,Web,Documentary,Netflix
U200101,C100474,2025-04-20,30,TV,Kids,Disney+
U200102,C100713,2024-10-12,11,Web,Sports,ESPN
U200103,C100810,2024-09-06,21,TV,Education,Coursera
U200104,C100032,2024-12-09,71,Mobile,Education,Coursera
U200105,C100338,2024-12-20,8,TV,Music,Spotify
U200106,C100082,2025-01-12,15,Web,Documentary,Netflix
U200107,C100863,2024-12-26,42,TV,Series,EduPrime
U200108,C100768,2025-06-30,7,Mobile,Sports,ESPN
U200109,C100974,2024-10-06,2,Mobile,Documentary,Netflix
U200110,C100149,2024-10-06,10,Mobile,Documentary,Netflix
U200111,C100057,2025-08-06,5,Web,Kids,Disney+
U200112,C100272,2025-04-06,79,TV,Series,MovieMax
U200113,C100794,2024-11-02,49,Web,Kids,Disney+
U200114,C100401,2025-03-20,30,Web,Music,Spotify
U200115,C100073,2024-09-26,61,Web,Education,Coursera
U200116,C100556,2024-09-22,48,TV,Education,Coursera
U200117,C100481,2024-10-28,6,Web,Movies,Prime Video
U200118,C100185,2025-04-25,66,TV,Education,Coursera
U200119,C100196,2025-07-15,23,Mobile,Education,Coursera
U200120,C100917,2025-05-07,49,TV,Sports,ESPN
U200121,C100861,2025-05-26,67,TV,Series,MovieMax
U200122,C100256,2025-07-12,11,Web,Documentary,Netflix
U200123,C100836,2024-09-09,3,Mobile,Documentary,Netflix
U200124,C100390,2025-02-12,7,TV,Movies,Prime Video
U200125,C100848,2025-07-22,16,TV,Documentary,Netflix
U200126,C100012,2025-05-27,51,Web,Sports,ESPN
U200127,C100124,2025-07-24,59,Mobile,Kids,Disney+
U200128,C100997,2024-09-02,1,Web,Education,Coursera
U200129,C100786,2024-10-18,21,Web,Series,EduPrime
U200130,C100731,2024-10-05,16,Web,Sports,ESPN
U200131,C100254,2025-03-10,7,Web,Music,Spotify
U200132,C100394,2025-02-21,3,TV,Movies,Prime Video
U200133,C100789,2025-06-26,12,Mobile,Music,Spotify
U200134,C100998,2025-07-15,85,Mobile,Education,Coursera
U200135,C100453,2025-06-15,11,Web,Sports,ESPN
U200136,C100253,2025-01-08,21,Web,Movies,Prime Video
U200137,C100755,2025-05-10,36,TV,Sports,ESPN
U200138,C100034,2025-05-19,13,Web,Documentary,Netflix
U200139,C100203,2024-08-30,107,Web,Documentary,Netflix
U200140,C100471,2025-03-17,98,TV,Movies,Prime Video
U200141,C100752,2024-10-01,8,Mobile,Sports,ESPN
U200142,C100789,2024-09-05,20,Mobile,Education,Coursera
U200143,C100096,2024-08-20,10,Web,Sports,ESPN
U200144,C100533,2024-08-16,10,Mobile,Kids,Disney+
U200145,C100681,2024-10-09,1,Mobile,Kids,Disney+
U200146,C100213,2024-10-20,28,Mobile,Series,EduPrime
U200147,C100484,2024-10-26,20,TV,Documentary,Netflix
U200148,C100398,2025-05-11,1,Mobile,Education,Coursera
U200149,C100697,2024-12-19,9,Web,Movies,Prime Video
U200150,C100984,2024-10-17,71,Web,Music,Spotify
U200151,C100319,2025-02-06,8,TV,Education,Coursera
U200152,C100958,2025-07-22,4,Web,Documentary,Netflix
U200153,C100330,2025-06-23,20,TV,Sports,ESPN
U200154,C100162,2025-03-09,127,Web,Education,Coursera
U200155,C100644,2025-02-25,8,Web,Documentary,Netflix
U200156,C100745,2025-02-02,33,Web,Kids,Disney+
U200157,C100043,2025-01-27,43,Mobile,Music,Spotify
U200158,C100762,2025-07-06,8,TV,Sports,ESPN
U200159,C100959,2025-01-03,39,Web,Documentary,Netflix
U200160,C100562,2024-11-01,13,Web,Series,StreamFlix
U200161,C100533,2025-07-07,30,Web,Kids,Disney+
U200162,C100125,2025-03-13,30,TV,Kids,Disney+
U200163,C100259,2024-12-11,23,Mobile,Documentary,Netflix
U200164,C100492,2025-06-02,2,TV,Sports,ESPN
U200165,C100653,2025-06-08,54,TV,Sports,ESPN
U200166,C100305,2024-08-19,11,Mobile,Kids,Disney+
U200167,C100203,2025-03-22,6,Mobile,Music,Spotify
U200168,C100369,2025-02-22,1,Web,Education,Coursera
U200169,C100908,2024-11-13,26,TV,Sports,ESPN
U200170,C100053,2025-01-10,33,TV,Series,StreamFlix
U200171,C100884,2024-11-14,1,Mobile,Movies,Prime Video
U200172,C100682,2025-04-24,21,Web,Music,Spotify
U200173,C100223,2024-08-18,7,Web,Music,Spotify
U200174,C100996,2025-04-24,31,Mobile,Sports,ESPN
U200175,C100115,2024-09-30,5,Web,Education,Coursera
U200176,C100241,2025-07-11,35,Web,Series,FitTrack
U200177,C100648,2025-06-15,14,Web,Sports,ESPN
U200178,C100444,2024-10-21,82,TV,Kids,Disney+
U200179,C100332,2024-09-21,4,Mobile,Series,EduPrime
U200180,C100015,2024-11-12,12,Web,Music,Spotify
U200181,C100171,2025-06-26,3,Mobile,Education,Coursera
U200182,C100813,2024-12-05,77,Web,Music,Spotify
U200183,C100282,2024-08-22,62,Web,Kids,Disney+
U200184,C100598,2024-10-04,8,Mobile,Documentary,Netflix
U200185,C100122,2024-08-13,32,TV,Music,Spotify
U200186,C100405,2025-03-15,50,Mobile,Sports,ESPN
U200187,C100808,2025-01-03,24,Web,Education,Coursera
U200188,C100248,2024-10-02,22,Mobile,Sports,ESPN
U200189,C100009,2025-02-28,8,Web,Education,Coursera
U200190,C100992,2025-03-30,2,Web,Education,Coursera
U200191,C100043,2024-11-13,68,TV,Kids,Disney+
U200192,C100595,2024-10-19,69,Mobile,Sports,ESPN
U200193,C100802,2024-09-24,30,Web,Music,Spotify
U200194,C100707,2025-02-09,12,Mobile,Music,Spotify
U200195,C100486,2025-06-04,12,Mobile,Movies,Prime Video
U200196,C100704,2024-09-29,38,Web,Sports,ESPN
U200197,C100610,2024-10-25,68,Mobile,Series,TuneWave
U200198,C100158,2024-11-28,65,TV,Documentary,Netflix
U200199,C100380,2024-11-16,45,Web,Kids,Disney+
U200200,C100789,2024-09-20,30,TV,Series,FoodDash
U200201,C100091,2024-11-28,2,Mobile,Series,FoodDash
U200202,C100254,2024-11-30,5,Mobile,Series,Netflix
U200203,C100161,2025-05-09,68,Web,Music,Spotify
U200204,C100511,2024-10-01,27,Mobile,Music,Spotify
U200205,C100093,2025-04-12,1,Web,Education,Coursera
U200206,C100702,2024-08-12,3,Web,Documentary,Netflix
U200207,C100633,2025-03-14,32,TV,Education,Coursera
U200208,C100346,2025-05-02,1,TV,Kids,Disney+
U200209,C100953,2025-08-09,5,Web,Kids,Disney+
U200210,C100992,2025-06-10,23,Mobile,Documentary,Netflix
U200211,C100777,2025-07-28,35,Web,Education,Coursera
U200212,C100640,2024-12-14,31,Web,Education,Coursera
U200213,C100061,2024-09-23,7,Mobile,Movies,Prime Video
U200214,C100061,2025-06-10,37,Mobile,Music,Spotify
U200215,C100364,2025-04-25,8,Mobile,Series,TuneWave
U200216,C100660,2024-09-28,11,Web,Education,Coursera
U200217,C100157,2025-01-09,41,Mobile,Kids,Disney+
U200218,C100718,2025-01-10,31,Web,Documentary,Netflix
U200219,C100549,2025-07-17,56,Mobile,Education,Coursera
U200220,C100810,2025-02-20,32,TV,Documentary,Netflix
U200221,C100109,2025-02-11,25,Web,Music,Spotify
U200222,C100128,2024-10-27,2,TV,Series,EduPrime
U200223,C100499,2024-09-17,13,TV,Documentary,Netflix
U200224,C100238,2025-04-23,9,Web,Music,Spotify
U200225,C100324,2025-08-04,8,TV,Sports,ESPN
U200226,C100571,2024-09-16,108,TV,Series,StreamFlix
U200227,C100807,2025-04-28,14,Web,Kids,Disney+
U200228,C100660,2024-08-21,66,Web,Series,Spotify
U200229,C100774,2025-03-18,29,Mobile,Movies,Prime Video
U200230,C100355,2025-04-01,47,TV,Series,LearnHub
U200231,C100824,2025-07-06,20,Mobile,Series,MovieMax
U200232,C100913,2025-03-05,25,Web,Movies,Prime Video
U200233,C100449,2025-03-09,20,TV,Series,TuneWave
U200234,C100750,2024-11-23,6,Mobile,Education,Coursera
U200235,C100197,2024-11-01,38,Mobile,Education,Coursera
U200236,C100021,2025-02-25,9,Mobile,Documentary,Netflix
U200237,C100705,2025-08-06,1,Web,Kids,Disney+
U200238,C100386,2025-06-12,31,TV,Kids,Disney+
U200239,C100366,2024-08-23,5,Mobile,Sports,ESPN
U200240,C100741,2025-02-20,84,TV,Kids,Disney+
U200241,C100137,2025-02-16,92,Web,Kids,Disney+
U200242,C100256,2025-01-19,73,Web,Music,Spotify
U200243,C100920,2024-10-22,13,Mobile,Movies,Prime Video
U200244,C100040,2024-09-28,1,Mobile,Series,LearnHub
U200245,C100496,2025-07-26,79,TV,Series,Spotify
U200246,C100723,2025-05-12,16,Web,Documentary,Netflix
U200247,C100448,2025-05-02,102,TV,Series,Netflix
U200248,C100572,2025-02-21,99,Web,Movies,Prime Video
U200249,C100301,2025-02-17,57,TV,Documentary,Netflix
U200250,C100555,2024-08-30,10,Web,Education,Coursera
U200251,C100713,2024-12-07,14,Mobile,Education,Coursera
U200252,C100501,2024-12-10,57,Web,Documentary,Netflix
U200253,C100194,2025-07-22,11,Web,Music,Spotify
U200254,C100580,2024-09-13,5,Mobile,Sports,ESPN
U200255,C100191,2025-06-01,24,TV,Series,Netflix
U200256,C100556,2024-12-06,82,TV,Music,Spotify
U200257,C100356,2025-05-22,35,Web,Education,Coursera
U200258,C100331,2024-09-22,25,Mobile,Movies,Prime Video
U200259,C100749,2024-12-17,3,TV,Music,Spotify
U200260,C100479,2024-11-08,28,Mobile,Kids,Disney+
U200261,C100281,2025-02-19,138,Mobile,Education,Coursera
U200262,C100888,2024-12-16,4,TV,Movies,Prime Video
U200263,C100851,2025-01-10,21,Web,Movies,Prime Video
U200264,C100613,2025-07-12,62,Mobile,Education,Coursera
U200265,C100936,2024-11-16,40,Mobile,Movies,Prime Video
U200266,C100881,2025-03-09,35,Web,Documentary,Netflix
U200267,C100567,2024-10-24,36,Web,Sports,ESPN
U200268,C100164,2024-08-27,13,TV,Documentary,Netflix
U200269,C100070,2025-03-01,10,Web,Education,Coursera
U200270,C100543,2024-10-29,49,TV,Movies,Prime Video
U200271,C100158,2024-11-08,49,TV,Kids,Disney+
U200272,C100460,2025-07-31,60,Mobile,Documentary,Netflix
U200273,C100302,2025-04-25,73,Web,Music,Spotify
U200274,C100839,2024-10-18,21,Web,Music,Spotify
U200275,C100269,2024-08-24,20,Mobile,Movies,Prime Video
U200276,C100554,2025-02-21,48,Mobile,Kids,Disney+
U200277,C100375,2025-02-09,31,Web,Education,Coursera
U200278,C100464,2025-07-07,36,TV,Music,Spotify
U200279,C100000,2025-05-25,47,Web,Education,Coursera
U200280,C100794,2025-03-19,66,Web,Series,StreamFlix
U200281,C100653,2025-07-25,12,Mobile,Series,FoodDash
U200282,C100518,2025-02-17,14,TV,Movies,Prime Video
U200283,C100388,2025-01-29,2,Mobile,Sports,ESPN
U200284,C100751,2024-09-23,25,Web,Music,Spotify
U200285,C100189,2024-11-09,1,TV,Sports,ESPN
U200286,C100904,2025-05-17,18,Mobile,Movies,Prime Video
U200287,C100019,2024-10-21,23,TV,Sports,ESPN
U200288,C100634,2024-10-03,10,TV,Music,Spotify
U200289,C100877,2025-01-22,26,TV,Education,Coursera
U200290,C100372,2025-05-06,1,Web,Sports,ESPN
U200291,C100794,2024-10-09,1,Mobile,Education,Coursera
U200292,C100635,2025-06-11,51,Mobile,Sports,ESPN
U200293,C100244,2025-03-05,13,Web,Documentary,Netflix
U200294,C100328,2024-08-13,4,TV,Kids,Disney+
U200295,C100738,2025-03-01,22,Mobile,Movies,Prime Video
U200296,C100064,2024-08-11,44,Web,Series,FoodDash
U200297,C100674,2025-07-24,7,Mobile,Sports,ESPN
U200298,C100990,2025-03-23,29,TV,Movies,Prime Video
U200299,C100551,2025-01-10,2,Mobile,Education,Coursera
U200300,C100838,2025-06-26,1,TV,Education,Coursera
U200301,C100396,2024-11-28,22,TV,Documentary,Netflix
U200302,C100194,2025-04-10,23,Web,Documentary,Netflix
U200303,C100536,2025-01-31,30,TV,Education,Coursera
U200304,C100699,2024-12-21,38,Web,Sports,ESPN
U200305,C100509,2025-03-08,111,Mobile,Music,Spotify
U200306,C100784,2025-04-21,21,TV,Kids,Disney+
U200307,C100564,2024-11-14,11,Mobile,Education,Coursera
U200308,C100157,2025-03-08,47,TV,Music,Spotify
U200309,C100627,2025-05-12,9,Web,Music,Spotify
U200310,C100289,2025-06-13,17,Mobile,Series,TuneWave
U200311,C100330,2025-01-30,2,Mobile,Kids,Disney+
U200312,C100419,2025-07-21,1,Mobile,Series,EduPrime
U200313,C100656,2025-04-28,98,TV,Series,FoodDash
U200314,C100329,2025-06-23,54,TV,Movies,Prime Video
U200315,C100113,2024-12-25,35,TV,Series,MovieMax
U200316,C100098,2024-11-23,15,TV,Series,MovieMax
U200317,C100535,2025-07-28,5,Web,Documentary,Netflix
U200318,C100674,2024-12-05,5,TV,Kids,Disney+
U200319,C100068,2024-11-26,8,Web,Kids,Disney+
U200320,C100044,2025-05-23,23,TV,Documentary,Netflix
U200321,C100855,2025-05-04,37,Mobile,Education,Coursera
U200322,C100960,2025-02-16,32,TV,Sports,ESPN
U200323,C100132,2024-12-05,9,Web,Movies,Prime Video
U200324,C100182,2024-11-14,92,TV,Kids,Disney+
U200325,C100894,2025-03-04,40,TV,Sports,ESPN
U200326,C100032,2025-02-23,24,Mobile,Documentary,Netflix
U200327,C100206,2025-05-28,28,Web,Music,Spotify
U200328,C100109,2025-06-20,16,Web,Movies,Prime Video
U200329,C100497,2024-11-18,8,Mobile,Documentary,Netflix
U200330,C100196,2024-08-28,13,Mobile,Sports,ESPN
U200331,C100101,2025-06-03,42,Mobile,Kids,Disney+
U200332,C100032,2025-04-26,1,TV,Kids,Disney+
U200333,C100584,2025-07-22,3,Web,Music,Spotify
U200334,C100657,2024-12-17,1,Mobile,Series,StreamFlix
U200335,C100856,2025-01-23,1,Mobile,Documentary,Netflix
U200336,C100397,2024-08-09,58,Web,Education,Coursera
U200337,C100673,2024-11-15,36,TV,Series,EduPrime
U200338,C100501,2025-06-11,19,TV,Documentary,Netflix
U200339,C100538,2025-08-07,3,TV,Kids,Disney+
U200340,C100638,2025-03-03,20,Web,Music,Spotify
U200341,C100718,2025-07-18,19,TV,Documentary,Netflix
U200342,C100604,2024-08-23,5,TV,Education,Coursera
U200343,C100262,2024-10-09,17,Web,Documentary,Netflix
U200344,C100050,2025-06-26,15,Web,Movies,Prime Video
U200345,C100375,2025-02-20,28,Mobile,Music,Spotify
U200346,C100226,2024-12-13,30,Web,Sports,ESPN
U200347,C100620,2025-07-17,1,TV,Movies,Prime Video
U200348,C100735,2025-06-18,14,Web,Education,Coursera
U200349,C100072,2024-11-16,29,TV,Music,Spotify
U200350,C100013,2024-09-06,20,Mobile,Music,Spotify
U200351,C100952,2025-03-03,58,TV,Education,Coursera
U200352,C100943,2025-07-29,32,TV,Movies,Prime Video
U200353,C100213,2024-10-18,5,TV,Music,Spotify
U200354,C100671,2025-03-03,2,Web,Education,Coursera
U200355,C100503,2024-09-16,30,TV,Music,Spotify
U200356,C100950,2025-04-24,1,Web,Series,FoodDash
U200357,C100911,2025-02-26,26,Mobile,Documentary,Netflix
U200358,C100852,2025-04-29,84,Mobile,Sports,ESPN
U200359,C100081,2025-05-03,25,Mobile,Kids,Disney+
U200360,C100479,2025-03-16,14,TV,Documentary,Netflix
U200361,C100820,2025-03-21,30,TV,Music,Spotify
U200362,C100654,2024-11-10,18,Mobile,Music,Spotify
U200363,C100062,2025-02-27,23,Mobile,Documentary,Netflix
U200364,C100369,2024-12-27,85,Web,Education,Coursera
U200365,C100571,2024-08-31,14,Web,Music,Spotify
U200366,C100761,2025-06-10,97,Mobile,Movies,Prime Video
U200367,C100960,2025-03-23,70,Mobile,Sports,ESPN
U200368,C100911,2025-05-25,6,Mobile,Education,Coursera
U200369,C100425,2025-05-21,2,Mobile,Series,MovieMax
U200370,C100841,2025-03-22,3,TV,Education,Coursera
U200371,C100377,2025-06-12,1,TV,Kids,Disney+
U200372,C100813,2025-08-02,2,Web,Kids,Disney+
U200373,C100725,2024-09-25,34,Mobile,Movies,Prime Video
U200374,C100059,2024-10-27,2,TV,Kids,Disney+
U200375,C100843,2024-11-19,11,TV,Documentary,Netflix
U200376,C100631,2025-06-18,55,TV,Documentary,Netflix
U200377,C100272,2025-04-26,1,TV,Movies,Prime Video
U200378,C100541,2024-11-05,50,Mobile,Education,Coursera
U200379,C100041,2025-02-11,9,Mobile,Education,Coursera
U200380,C100751,2024-11-01,3,TV,Series,TuneWave
U200381,C100072,2025-02-27,35,Mobile,Documentary,Netflix
U200382,C100854,2025-03-24,29,TV,Series,Netflix
U200383,C100311,2025-05-29,62,TV,Education,Coursera
U200384,C100079,2024-08-14,39,Web,Series,LearnHub
U200385,C100967,2025-03-17,48,Web,Kids,Disney+
U200386,C100221,2024-10-20,9,Mobile,Music,Spotify
U200387,C100983,2025-04-06,5,Web,Documentary,Netflix
U200388,C100531,2025-05-14,41,Web,Education,Coursera
U200389,C100099,2025-07-04,49,Mobile,Education,Coursera
U200390,C100103,2025-03-03,139,Web,Music,Spotify
U200391,C100742,2024-09-30,15,Mobile,Kids,Disney+
U200392,C100236,2025-02-17,13,Web,Education,Coursera
U200393,C100544,2024-11-06,44,Web,Movies,Prime Video
U200394,C100394,2024-12-25,12,Web,Documentary,Netflix
U200395,C100194,2025-07-15,80,Mobile,Education,Coursera
U200396,C100197,2025-06-04,58,Web,Movies,Prime Video
U200397,C100538,2025-07-26,16,TV,Education,Coursera
U200398,C100672,2024-12-11,41,Web,Education,Coursera
U200399,C100254,2024-08-29,42,Mobile,Kids,Disney+
U200400,C100583,2025-07-15,3,Web,Kids,Disney+
U200401,C100640,2025-06-16,69,Web,Music,Spotify
U200402,C100970,2025-01-25,21,TV,Kids,Disney+
U200403,C100183,2025-07-13,52,TV,Education,Coursera
U200404,C100571,2025-06-26,11,Web,Documentary,Netflix
U200405,C100767,2025-01-03,67,Mobile,Music,Spotify
U200406,C100571,2025-01-21,14,Mobile,Kids,Disney+
U200407,C100425,2025-05-10,1,TV,Education,Coursera
U200408,C100764,2024-08-14,70,TV,Movies,Prime Video
U200409,C100108,2024-10-08,2,Web,Education,Coursera
U200410,C100784,2024-10-10,11,Mobile,Series,MovieMax
U200411,C100653,2024-09-21,89,Mobile,Music,Spotify
U200412,C100590,2024-08-21,90,Mobile,Documentary,Netflix
U200413,C100366,2024-08-16,25,Mobile,Sports,ESPN
U200414,C100690,2024-12-24,29,TV,Movies,Prime Video
U200415,C100469,2024-09-28,17,TV,Documentary,Netflix
U200416,C100719,2025-02-08,10,Web,Kids,Disney+
U200417,C100681,2025-03-03,11,Mobile,Sports,ESPN
U200418,C100437,2025-02-20,33,Web,Music,Spotify
U200419,C100904,2025-04-30,41,Web,Education,Coursera
U200420,C100106,2024-08-09,47,Web,Sports,ESPN
U200421,C100170,2024-08-31,46,Web,Music,Spotify
U200422,C100811,2024-11-09,2,TV,Documentary,Netflix
U200423,C100184,2025-06-30,20,TV,Kids,Disney+
U200424,C100563,2024-12-14,1,Mobile,Music,Spotify
U200425,C100411,2024-10-23,23,Mobile,Movies,Prime Video
U200426,C100516,2025-06-03,17,TV,Education,Coursera
U200427,C100345,2025-06-23,65,Mobile,Movies,Prime Video
U200428,C100673,2024-08-17,12,TV,Music,Spotify
U200429,C100161,2024-12-13,3,TV,Music,Spotify
U200430,C100546,2025-06-21,4,Mobile,Series,Spotify
U200431,C100614,2024-12-19,43,Mobile,Music,Spotify
U200432,C100453,2025-03-04,28,TV,Kids,Disney+
U200433,C100955,2024-08-24,3,TV,Education,Coursera
U200434,C100360,2024-09-14,2,TV,Music,Spotify
U200435,C100924,2024-08-11,36,TV,Series,GymFlex
U200436,C100322,2024-12-14,2,TV,Movies,Prime Video
U200437,C100563,2024-12-12,51,Mobile,Kids,Disney+
U200438,C100332,2025-04-13,36,Mobile,Series,EduPrime
U200439,C100865,2025-04-17,2,Mobile,Music,Spotify
U200440,C100380,2025-05-28,2,TV,Documentary,Netflix
U200441,C100422,2024-09-28,129,Web,Documentary,Netflix
U200442,C100782,2025-03-30,14,Mobile,Sports,ESPN
U200443,C100648,2025-02-04,13,Web,Movies,Prime Video
U200444,C100440,2025-01-21,50,Mobile,Movies,Prime Video
U200445,C100845,2025-05-08,88,Web,Series,Spotify
U200446,C100743,2024-08-16,128,Mobile,Series,Spotify
U200447,C100331,2024-09-03,41,Mobile,Sports,ESPN
U200448,C100623,2025-02-21,14,Mobile,Music,Spotify
U200449,C100246,2025-02-24,2,Web,Education,Coursera
U200450,C100576,2024-12-20,45,Web,Education,Coursera
U200451,C100558,2024-12-03,24,Mobile,Music,Spotify
U200452,C100219,2025-07-25,16,Mobile,Education,Coursera
U200453,C100384,2025-07-07,71,Mobile,Series,Spotify
U200454,C100784,2024-12-09,3,Web,Education,Coursera
U200455,C100563,2025-06-13,20,TV,Sports,ESPN
U200456,C100948,2025-02-11,1,Web,Music,Spotify
U200457,C100762,2024-12-07,18,TV,Kids,Disney+
U200458,C100260,2024-12-16,1,TV,Education,Coursera
U200459,C100368,2025-05-14,3,Mobile,Documentary,Netflix
U200460,C100984,2025-03-18,3,Web,Kids,Disney+
U200461,C100463,2025-02-12,31,Web,Kids,Disney+
U200462,C100458,2024-10-04,41,TV,Education,Coursera
U200463,C100982,2024-10-19,26,TV,Music,Spotify
U200464,C100406,2025-06-05,98,TV,Series,LearnHub
U200465,C100000,2024-11-22,14,Web,Documentary,Netflix
U200466,C100743,2025-06-18,10,Web,Series,Spotify
U200467,C100035,2025-01-14,60,Web,Music,Spotify
U200468,C100291,2024-08-09,7,Web,Sports,ESPN
U200469,C100610,2025-06-16,99,Web,Education,Coursera
U200470,C100016,2025-02-24,1,Mobile,Documentary,Netflix
U200471,C100530,2024-10-29,105,TV,Education,Coursera
U200472,C100138,2024-09-11,1,Web,Documentary,Netflix
U200473,C100911,2025-07-04,66,Mobile,Series,EduPrime
U200474,C100309,2025-03-08,22,Mobile,Movies,Prime Video
U200475,C100006,2024-11-10,148,Mobile,Kids,Disney+
U200476,C100307,2024-12-16,2,Web,Documentary,Netflix
U200477,C100227,2025-01-16,24,Web,Series,FitTrack
U200478,C100219,2024-10-11,104,TV,Kids,Disney+
U200479,C100876,2025-01-10,22,TV,Kids,Disney+
U200480,C100322,2025-04-09,29,Web,Education,Coursera
U200481,C100022,2024-09-26,35,TV,Sports,ESPN
U200482,C100790,2025-04-07,18,Mobile,Series,FitTrack
U200483,C100841,2024-11-02,29,Mobile,Movies,Prime Video
U200484,C100965,2025-05-20,26,Web,Movies,Prime Video
U200485,C100706,2024-12-06,69,Mobile,Sports,ESPN
U200486,C100842,2025-01-25,1,Mobile,Music,Spotify
U200487,C100282,2025-07-07,9,TV,Sports,ESPN
U200488,C100941,2025-02-16,90,Web,Music,Spotify
U200489,C100566,2025-04-25,66,TV,Series,FitTrack
U200490,C100523,2024-08-19,18,Mobile,Movies,Prime Video
U200491,C100569,2024-10-11,29,Web,Kids,Disney+
U200492,C100584,2025-01-01,9,Web,Series,TuneWave
U200493,C100948,2024-12-30,6,Mobile,Documentary,Netflix
U200494,C100585,2024-10-23,18,Mobile,Music,Spotify
U200495,C100158,2025-02-15,13,Web,Education,Coursera
U200496,C100096,2024-11-04,26,Mobile,Series,FitTrack
U200497,C100038,2024-08-19,2,Mobile,Movies,Prime Video
U200498,C100471,2025-04-11,109,Web,Kids,Disney+
U200499,C100364,2025-05-13,128,Web,Sports,ESPN
U200500,C100159,2024-09-04,35,TV,Kids,Disney+
U200501,C100141,2024-09-01,23,TV,Sports,ESPN
U200502,C100271,2025-07-01,11,TV,Documentary,Netflix
U200503,C100375,2024-08-10,50,Mobile,Series,GymFlex
U200504,C100910,2024-10-20,34,TV,Movies,Prime Video
U200505,C100596,2024-12-03,5,TV,Documentary,Netflix
U200506,C100255,2025-06-12,72,Mobile,Series,FoodDash
U200507,C100238,2024-10-10,51,Mobile,Sports,ESPN
U200508,C100262,2024-10-08,89,Mobile,Movies,Prime Video
U200509,C100830,2024-12-15,38,TV,Movies,Prime Video
U200510,C100307,2025-02-24,28,TV,Music,Spotify
U200511,C100094,2024-10-29,16,Web,Sports,ESPN
U200512,C100584,2025-06-21,80,TV,Kids,Disney+
U200513,C100409,2024-12-25,60,TV,Education,Coursera
U200514,C100582,2025-05-11,1,Mobile,Kids,Disney+
U200515,C100939,2025-03-05,1,Mobile,Education,Coursera
U200516,C100222,2025-01-14,14,TV,Music,Spotify
U200517,C100751,2025-07-05,49,Web,Kids,Disney+
U200518,C100079,2024-10-07,130,TV,Movies,Prime Video
U200519,C100740,2025-06-15,4,Mobile,Series,LearnHub
U200520,C100332,2024-08-24,27,Web,Music,Spotify
U200521,C100811,2024-10-08,14,Web,Series,TuneWave
U200522,C100494,2025-01-27,105,TV,Series,FoodDash
U200523,C100177,2025-02-23,55,TV,Education,Coursera
U200524,C100499,2024-11-29,54,Web,Education,Coursera
U200525,C100845,2024-09-13,18,Mobile,Education,Coursera
U200526,C100920,2024-09-05,16,Web,Documentary,Netflix
U200527,C100706,2025-07-09,9,Mobile,Documentary,Netflix
U200528,C100719,2025-06-24,1,TV,Music,Spotify
U200529,C100590,2025-04-20,60,Web,Kids,Disney+
U200530,C100839,2025-05-30,50,Mobile,Kids,Disney+
U200531,C100929,2024-10-16,245,Mobile,Series,FoodDash
U200532,C100097,2024-09-18,170,Web,Kids,Disney+
U200533,C100609,2025-08-09,24,Mobile,Education,Coursera
U200534,C100657,2025-05-26,43,Web,Series,StreamFlix
U200535,C100307,2024-09-05,86,TV,Sports,ESPN
U200536,C100038,2025-05-25,56,TV,Series,StreamFlix
U200537,C100748,2024-12-21,8,Web,Education,Coursera
U200538,C100827,2024-11-10,17,TV,Documentary,Netflix
U200539,C100590,2025-03-13,4,TV,Music,Spotify
U200540,C100390,2025-01-22,92,Web,Music,Spotify
U200541,C100080,2024-09-28,27,Mobile,Series,MovieMax
U200542,C100798,2024-10-18,7,Web,Kids,Disney+
U200543,C100057,2024-12-24,33,Web,Series,LearnHub
U200544,C100943,2025-05-01,28,Web,Kids,Disney+
U200545,C100789,2025-04-26,13,TV,Education,Coursera
U200546,C100342,2024-08-26,3,Mobile,Series,MovieMax
U200547,C100356,2025-02-28,33,TV,Movies,Prime Video
U200548,C100900,2025-03-09,22,TV,Documentary,Netflix
U200549,C100836,2024-10-22,44,Web,Documentary,Netflix
U200550,C100444,2024-08-27,22,TV,Series,GymFlex
U200551,C100426,2025-03-07,57,Mobile,Sports,ESPN
U200552,C100952,2024-12-30,24,Web,Kids,Disney+
U200553,C100888,2025-02-14,24,Mobile,Series,EduPrime
U200554,C100123,2025-06-25,62,Mobile,Documentary,Netflix
U200555,C100890,2024-10-15,15,TV,Sports,ESPN
U200556,C100788,2025-08-05,4,TV,Music,Spotify
U200557,C100232,2024-09-30,1,TV,Music,Spotify
U200558,C100765,2024-11-21,42,Web,Kids,Disney+
U200559,C100668,2025-01-15,29,TV,Movies,Prime Video
U200560,C100869,2025-06-05,36,Mobile,Movies,Prime Video
U200561,C100616,2025-03-12,7,Mobile,Kids,Disney+
U200562,C100950,2025-07-09,4,Web,Series,FoodDash
U200563,C100011,2025-02-01,1,TV,Education,Coursera
U200564,C100649,2024-11-01,12,Mobile,Documentary,Netflix
U200565,C100796,2025-07-13,26,Mobile,Music,Spotify
U200566,C100647,2025-08-09,14,Mobile,Kids,Disney+
U200567,C100391,2024-08-14,17,Mobile,Music,Spotify
U200568,C100055,2024-10-27,70,Web,Series,TuneWave
U200569,C100312,2025-02-07,12,Mobile,Music,Spotify
U200570,C100536,2025-06-14,21,Mobile,Kids,Disney+
U200571,C100042,2025-03-18,45,Mobile,Music,Spotify
U200572,C100326,2025-07-25,15,Mobile,Kids,Disney+
U200573,C100552,2025-04-11,29,Mobile,Music,Spotify
U200574,C100578,2024-12-31,59,TV,Sports,ESPN
U200575,C100153,2024-08-15,89,Web,Documentary,Netflix
U200576,C100334,2024-10-11,4,Web,Movies,Prime Video
U200577,C100514,2025-01-20,78,TV,Movies,Prime Video
U200578,C100714,2024-09-23,20,Mobile,Sports,ESPN
U200579,C100226,2025-02-28,8,TV,Movies,Prime Video
U200580,C100156,2024-08-10,18,Mobile,Movies,Prime Video
U200581,C100051,2025-01-26,117,Mobile,Documentary,Netflix
U200582,C100689,2025-01-14,20,Mobile,Series,FoodDash
U200583,C100749,2025-01-26,11,Web,Kids,Disney+
U200584,C100402,2024-12-30,30,TV,Documentary,Netflix
U200585,C100994,2024-11-03,8,Mobile,Sports,ESPN
U200586,C100456,2025-04-23,2,TV,Music,Spotify
U200587,C100770,2024-09-04,4,Mobile,Education,Coursera
U200588,C100609,2025-05-13,4,Web,Sports,ESPN
U200589,C100589,2024-12-09,4,TV,Music,Spotify
U200590,C100516,2025-05-30,4,TV,Music,Spotify
U200591,C100092,2025-05-05,30,Web,Education,Coursera
U200592,C100227,2024-10-29,6,Web,Movies,Prime Video
U200593,C100442,2025-01-25,12,Web,Movies,Prime Video
U200594,C100296,2025-02-06,68,Mobile,Documentary,Netflix
U200595,C100805,2025-01-08,19,Mobile,Sports,ESPN
U200596,C100403,2025-05-23,33,TV,Sports,ESPN
U200597,C100151,2025-03-15,5,Mobile,Kids,Disney+
U200598,C100135,2024-08-31,6,Web,Documentary,Netflix
U200599,C100344,2025-06-06,1,TV,Kids,Disney+
U200600,C100084,2025-06-02,5,Mobile,Music,Spotify
U200601,C100487,2025-08-04,9,Web,Documentary,Netflix
U200602,C100585,2025-07-04,5,Web,Series,LearnHub
U200603,C100763,2024-09-12,2,Mobile,Sports,ESPN
U200604,C100050,2025-08-01,3,TV,Movies,Prime Video
U200605,C100561,2025-05-28,18,Mobile,Sports,ESPN
U200606,C100408,2024-12-03,6,Mobile,Series,FitTrack
U200607,C100268,2024-09-07,13,Web,Documentary,Netflix
U200608,C100087,2024-12-29,21,TV,Series,Spotify
U200609,C100408,2025-06-01,35,Mobile,Sports,ESPN
U200610,C100513,2025-06-27,1,TV,Kids,Disney+
U200611,C100444,2025-05-31,48,TV,Documentary,Netflix
U200612,C100792,2024-09-15,29,Web,Kids,Disney+
U200613,C100714,2025-01-09,2,Web,Series,Netflix
U200614,C100133,2024-12-19,62,Web,Movies,Prime Video
U200615,C100780,2024-08-18,76,Mobile,Documentary,Netflix
U200616,C100138,2024-10-04,1,Mobile,Music,Spotify
U200617,C100492,2025-01-04,9,TV,Sports,ESPN
U200618,C100572,2024-09-24,49,Mobile,Kids,Disney+
U200619,C100202,2025-05-09,41,Web,Series,Spotify
U200620,C100499,2024-12-20,6,Mobile,Documentary,Netflix
U200621,C100404,2024-11-22,7,TV,Movies,Prime Video
U200622,C100667,2025-01-04,13,Mobile,Documentary,Netflix
U200623,C100585,2024-10-31,19,Mobile,Movies,Prime Video
U200624,C100200,2024-12-22,28,TV,Series,FitTrack
U200625,C100574,2025-01-25,13,TV,Kids,Disney+
U200626,C100630,2025-02-09,18,Mobile,Education,Coursera
U200627,C100753,2025-04-16,41,Web,Education,Coursera
U200628,C100536,2025-05-06,1,Web,Documentary,Netflix
U200629,C100252,2025-01-04,8,Web,Music,Spotify
U200630,C100248,2024-10-04,37,Web,Documentary,Netflix
U200631,C100073,2025-08-06,67,Mobile,Kids,Disney+
U200632,C100272,2024-10-18,21,Mobile,Documentary,Netflix
U200633,C100795,2024-11-27,22,TV,Documentary,Netflix
U200634,C100440,2025-04-10,3,TV,Sports,ESPN
U200635,C100331,2024-08-10,17,Mobile,Education,Coursera
U200636,C100701,2024-11-26,22,Web,Education,Coursera
U200637,C100946,2025-03-25,8,TV,Documentary,Netflix
U200638,C100589,2025-01-11,9,TV,Sports,ESPN
U200639,C100091,2024-11-03,14,Mobile,Documentary,Netflix
U200640,C100115,2024-10-18,1,Mobile,Kids,Disney+
U200641,C100687,2025-02-03,11,Web,Series,EduPrime
U200642,C100423,2025-07-23,7,Mobile,Documentary,Netflix
U200643,C100433,2025-07-21,11,TV,Music,Spotify
U200644,C100374,2024-10-23,3,TV,Kids,Disney+
U200645,C100356,2024-12-05,66,Web,Education,Coursera
U200646,C100195,2024-08-14,27,Web,Series,FoodDash
U200647,C100328,2025-02-02,34,Web,Sports,ESPN
U200648,C100352,2025-06-13,46,Mobile,Education,Coursera
U200649,C100608,2024-10-16,20,Mobile,Music,Spotify
U200650,C100671,2024-12-06,2,Web,Music,Spotify
U200651,C100024,2024-08-21,23,TV,Education,Coursera
U200652,C100788,2025-06-30,26,TV,Kids,Disney+
U200653,C100312,2025-05-29,41,Mobile,Movies,Prime Video
U200654,C100173,2024-11-13,16,TV,Series,StreamFlix
U200655,C100358,2025-03-19,4,Mobile,Series,FitTrack
U200656,C100631,2024-12-14,10,TV,Movies,Prime Video
U200657,C100841,2024-11-18,13,Mobile,Series,TuneWave
U200658,C100822,2025-06-30,31,Mobile,Series,TuneWave
U200659,C100452,2024-11-15,25,TV,Movies,Prime Video
U200660,C100638,2024-10-01,13,TV,Kids,Disney+
U200661,C100149,2025-06-25,129,Mobile,Documentary,Netflix
U200662,C100451,2025-04-06,27,TV,Series,EduPrime
U200663,C100045,2024-12-11,8,Web,Music,Spotify
U200664,C100946,2024-09-21,3,Mobile,Kids,Disney+
U200665,C100837,2024-09-04,4,TV,Kids,Disney+
U200666,C100239,2024-09-01,8,TV,Movies,Prime Video
U200667,C100204,2025-07-01,5,TV,Kids,Disney+
U200668,C100701,2024-08-24,6,Web,Movies,Prime Video
U200669,C100382,2024-09-19,10,Mobile,Kids,Disney+
U200670,C100159,2024-11-06,5,Web,Documentary,Netflix
U200671,C100775,2024-10-17,68,TV,Music,Spotify
U200672,C100745,2025-03-03,2,Web,Sports,ESPN
U200673,C100873,2024-09-30,22,Web,Kids,Disney+
U200674,C100087,2025-07-13,15,Mobile,Kids,Disney+
U200675,C100115,2025-02-15,121,Mobile,Kids,Disney+
U200676,C100757,2024-11-09,3,TV,Movies,Prime Video
U200677,C100055,2025-08-04,15,Web,Education,Coursera
U200678,C100248,2024-12-12,104,Mobile,Music,Spotify
U200679,C100971,2024-12-20,60,Web,Education,Coursera
U200680,C100635,2024-11-20,50,Web,Series,FoodDash
U200681,C100948,2024-12-12,8,Mobile,Movies,Prime Video
U200682,C100151,2024-10-20,5,Mobile,Documentary,Netflix
U200683,C100889,2025-02-21,33,Mobile,Movies,Prime Video
U200684,C100852,2025-01-06,79,TV,Series,LearnHub
U200685,C100839,2025-02-10,24,Mobile,Education,Coursera
U200686,C100294,2025-03-12,25,Web,Documentary,Netflix
U200687,C100014,2025-03-14,9,Mobile,Series,LearnHub
U200688,C100351,2025-05-16,44,Mobile,Education,Coursera
U200689,C100710,2025-07-22,6,TV,Series,MovieMax
U200690,C100823,2024-08-19,11,TV,Music,Spotify
U200691,C100113,2024-10-08,16,Web,Sports,ESPN
U200692,C100312,2025-03-07,21,TV,Education,Coursera
U200693,C100460,2024-10-25,8,Web,Documentary,Netflix
U200694,C100482,2025-03-29,3,TV,Sports,ESPN
U200695,C100023,2025-07-09,28,Web,Music,Spotify
U200696,C100339,2024-09-21,10,Web,Sports,ESPN
U200697,C100214,2024-12-10,26,TV,Series,FoodDash
U200698,C100757,2024-10-17,5,Web,Sports,ESPN
U200699,C100550,2025-05-15,19,TV,Movies,Prime Video
U200700,C100216,2024-10-20,22,Mobile,Sports,ESPN
U200701,C100208,2025-07-14,1,Mobile,Education,Coursera
U200702,C100559,2024-09-07,12,TV,Sports,ESPN
U200703,C100535,2025-03-13,4,Mobile,Series,Netflix
U200704,C100768,2024-09-24,1,Mobile,Kids,Disney+
U200705,C100264,2025-07-27,138,TV,Movies,Prime Video
U200706,C100561,2025-03-16,11,TV,Series,FoodDash
U200707,C100494,2024-12-04,49,TV,Education,Coursera
U200708,C100637,2025-06-28,8,Mobile,Kids,Disney+
U200709,C100747,2025-06-06,34,Web,Music,Spotify
U200710,C100144,2024-11-24,42,TV,Movies,Prime Video
U200711,C100711,2025-07-01,27,TV,Documentary,Netflix
U200712,C100715,2025-03-20,19,Mobile,Movies,Prime Video
U200713,C100684,2025-04-02,15,Web,Documentary,Netflix
U200714,C100018,2025-06-03,12,Web,Music,Spotify
U200715,C100385,2024-09-28,79,Web,Music,Spotify
U200716,C100596,2025-03-19,53,TV,Movies,Prime Video
U200717,C100927,2025-03-22,100,Mobile,Kids,Disney+
U200718,C100679,2025-03-31,3,Mobile,Documentary,Netflix
U200719,C100539,2025-08-02,39,Mobile,Sports,ESPN
U200720,C100044,2025-06-13,83,Mobile,Movies,Prime Video
U200721,C100261,2024-10-04,5,Mobile,Education,Coursera
U200722,C100174,2025-05-12,2,Web,Documentary,Netflix
U200723,C100061,2024-10-11,40,Web,Series,LearnHub
U200724,C100290,2025-05-24,25,Web,Movies,Prime Video
U200725,C100205,2024-09-06,55,Web,Movies,Prime Video
U200726,C100808,2024-12-24,4,TV,Kids,Disney+
U200727,C100713,2025-02-01,47,Web,Education,Coursera
U200728,C100632,2025-05-12,6,Web,Music,Spotify
U200729,C100277,2025-03-29,5,TV,Music,Spotify
U200730,C100054,2024-08-16,5,TV,Kids,Disney+
U200731,C100476,2025-04-11,50,TV,Kids,Disney+
U200732,C100670,2024-12-04,32,TV,Music,Spotify
U200733,C100967,2025-05-09,22,TV,Documentary,Netflix
U200734,C100008,2024-11-12,13,TV,Sports,ESPN
U200735,C100068,2025-07-24,62,TV,Music,Spotify
U200736,C100397,2025-02-15,14,TV,Movies,Prime Video
U200737,C100676,2025-06-27,50,Web,Documentary,Netflix
U200738,C100277,2025-05-27,17,Mobile,Movies,Prime Video
U200739,C100678,2024-10-09,14,Mobile,Music,Spotify
U200740,C100872,2025-05-23,18,Web,Sports,ESPN
U200741,C100934,2024-11-29,10,Web,Kids,Disney+
U200742,C100675,2025-01-10,41,Web,Documentary,Netflix
U200743,C100368,2025-01-25,20,Web,Music,Spotify
U200744,C100885,2025-04-10,7,Mobile,Music,Spotify
U200745,C100110,2024-09-05,68,Mobile,Education,Coursera
U200746,C100019,2024-12-27,14,Mobile,Sports,ESPN
U200747,C100299,2024-09-17,23,TV,Series,FitTrack
U200748,C100888,2025-05-16,71,Mobile,Series,EduPrime
U200749,C100904,2025-04-24,29,Web,Education,Coursera
U200750,C100664,2024-10-18,3,Mobile,Movies,Prime Video
U200751,C100395,2025-02-14,84,TV,Education,Coursera
U200752,C100236,2025-07-13,29,TV,Music,Spotify
U200753,C100389,2024-09-15,12,Mobile,Documentary,Netflix
U200754,C100520,2025-03-27,4,Web,Documentary,Netflix
U200755,C100726,2025-06-11,47,TV,Education,Coursera
U200756,C100101,2025-07-14,29,Mobile,Movies,Prime Video
U200757,C100925,2025-05-16,22,Web,Music,Spotify
U200758,C100323,2024-12-15,67,TV,Movies,Prime Video
U200759,C100496,2025-01-17,46,Web,Sports,ESPN
U200760,C100887,2024-12-09,4,Web,Sports,ESPN
U200761,C100611,2025-03-08,11,Web,Kids,Disney+
U200762,C100544,2024-12-09,8,TV,Movies,Prime Video
U200763,C100090,2024-11-10,40,Web,Kids,Disney+
U200764,C100190,2025-04-12,1,TV,Documentary,Netflix
U200765,C100203,2025-01-27,25,Web,Series,LearnHub
U200766,C100512,2024-08-25,43,Mobile,Series,GymFlex
U200767,C100989,2024-08-13,62,Web,Education,Coursera
U200768,C100468,2025-01-22,12,Web,Education,Coursera
U200769,C100574,2024-12-10,51,Web,Kids,Disney+
U200770,C100948,2025-03-28,3,Web,Movies,Prime Video
U200771,C100729,2025-05-27,56,Mobile,Movies,Prime Video
U200772,C100022,2024-11-11,4,TV,Education,Coursera
U200773,C100040,2024-12-30,15,Web,Series,LearnHub
U200774,C100253,2025-08-03,47,Web,Series,Spotify
U200775,C100944,2025-03-15,4,Web,Kids,Disney+
U200776,C100542,2024-12-23,7,Mobile,Education,Coursera
U200777,C100312,2025-01-26,38,Mobile,Kids,Disney+
U200778,C100341,2024-08-27,38,Web,Documentary,Netflix
U200779,C100501,2025-03-01,30,Web,Music,Spotify
U200780,C100402,2024-11-11,35,Web,Education,Coursera
U200781,C100762,2024-08-25,23,Web,Music,Spotify
U200782,C100160,2025-07-19,8,TV,Series,StreamFlix
U200783,C100018,2025-06-21,12,TV,Movies,Prime Video
U200784,C100355,2024-11-10,6,TV,Documentary,Netflix
U200785,C100700,2024-09-17,71,Web,Kids,Disney+
U200786,C100360,2025-02-09,26,Mobile,Education,Coursera
U200787,C100363,2024-12-31,15,Web,Kids,Disney+
U200788,C100640,2024-10-01,18,Mobile,Music,Spotify
U200789,C100309,2024-09-10,88,Web,Education,Coursera
U200790,C100241,2025-03-23,4,Web,Documentary,Netflix
U200791,C100513,2025-02-19,26,Mobile,Music,Spotify
U200792,C100282,2025-03-24,21,TV,Sports,ESPN
U200793,C100831,2025-03-26,28,Web,Series,TuneWave
U200794,C100063,2025-06-20,1,Web,Documentary,Netflix
U200795,C100640,2025-04-01,61,Web,Music,Spotify
U200796,C100263,2024-09-08,80,TV,Movies,Prime Video
U200797,C100899,2024-10-14,24,Web,Education,Coursera
U200798,C100396,2025-01-21,35,TV,Documentary,Netflix
U200799,C100911,2024-12-16,76,Web,Sports,ESPN
U200800,C100834,2024-08-29,36,Web,Series,Netflix
U200801,C100030,2025-04-08,4,TV,Kids,Disney+
U200802,C100966,2024-08-30,25,Mobile,Kids,Disney+
U200803,C100568,2024-10-12,27,Web,Kids,Disney+
U200804,C100971,2025-05-02,16,Web,Kids,Disney+
U200805,C100286,2024-11-16,40,Web,Documentary,Netflix
U200806,C100230,2025-02-18,81,TV,Sports,ESPN
U200807,C100155,2024-08-28,77,Mobile,Sports,ESPN
U200808,C100349,2024-08-21,17,TV,Kids,Disney+
U200809,C100918,2025-05-09,3,Mobile,Movies,Prime Video
U200810,C100402,2025-03-02,125,Mobile,Education,Coursera
U200811,C100672,2024-11-02,54,Web,Kids,Disney+
U200812,C100140,2025-08-04,3,TV,Education,Coursera
U200813,C100089,2024-08-30,76,TV,Documentary,Netflix
U200814,C100747,2025-08-05,61,TV,Sports,ESPN
U200815,C100391,2025-07-06,21,Web,Series,FoodDash
U200816,C100533,2025-08-03,26,TV,Kids,Disney+
U200817,C100983,2025-01-11,15,TV,Music,Spotify
U200818,C100694,2025-06-20,1,Web,Kids,Disney+
U200819,C100627,2024-11-14,12,Web,Movies,Prime Video
U200820,C100893,2025-06-17,48,TV,Movies,Prime Video
U200821,C100640,2024-08-24,1,Web,Sports,ESPN
U200822,C100702,2024-12-24,12,TV,Documentary,Netflix
U200823,C100232,2025-02-11,15,Web,Kids,Disney+
U200824,C100427,2025-04-19,23,TV,Music,Spotify
U200825,C100246,2025-03-17,75,Web,Series,LearnHub
U200826,C100586,2025-04-03,12,Mobile,Music,Spotify
U200827,C100156,2025-05-03,12,Web,Music,Spotify
U200828,C100436,2025-07-23,40,TV,Music,Spotify
U200829,C100993,2025-07-28,18,Web,Series,GymFlex
U200830,C100319,2024-09-26,7,TV,Kids,Disney+
U200831,C100931,2025-06-23,18,Web,Sports,ESPN
U200832,C100619,2025-07-11,4,Web,Music,Spotify
U200833,C100337,2024-10-09,5,TV,Music,Spotify
U200834,C100459,2024-09-07,20,TV,Sports,ESPN
U200835,C100555,2025-04-20,16,Mobile,Movies,Prime Video
U200836,C100134,2024-10-07,73,Mobile,Documentary,Netflix
U200837,C100211,2024-09-17,13,TV,Kids,Disney+
U200838,C100668,2025-06-08,26,TV,Kids,Disney+
U200839,C100141,2024-08-12,30,Web,Movies,Prime Video
U200840,C100594,2025-06-09,1,Mobile,Education,Coursera
U200841,C100554,2025-06-26,32,TV,Kids,Disney+
U200842,C100700,2024-10-04,5,Web,Documentary,Netflix
U200843,C100819,2025-06-04,97,Web,Series,Spotify
U200844,C100207,2025-01-29,4,Mobile,Series,Netflix
U200845,C100883,2024-09-07,16,Mobile,Music,Spotify
U200846,C100141,2024-09-12,2,Mobile,Documentary,Netflix
U200847,C100316,2024-10-24,173,Web,Education,Coursera
U200848,C100705,2025-05-07,20,TV,Series,EduPrime
U200849,C100722,2025-06-14,27,Web,Sports,ESPN
U200850,C100920,2024-08-18,2,Mobile,Kids,Disney+
U200851,C100536,2025-05-07,41,Web,Documentary,Netflix
U200852,C100931,2025-04-02,7,Mobile,Sports,ESPN
U200853,C100138,2025-03-12,68,Web,Movies,Prime Video
U200854,C100440,2024-12-13,6,Mobile,Sports,ESPN
U200855,C100930,2024-09-05,6,Web,Movies,Prime Video
U200856,C100999,2025-07-02,1,TV,Movies,Prime Video
U200857,C100788,2024-09-16,19,Web,Sports,ESPN
U200858,C100148,2024-12-20,24,Mobile,Movies,Prime Video
U200859,C100671,2025-03-21,2,Mobile,Sports,ESPN
U200860,C100955,2025-01-03,44,TV,Kids,Disney+
U200861,C100578,2024-08-20,18,Mobile,Kids,Disney+
U200862,C100939,2024-09-02,22,TV,Movies,Prime Video
U200863,C100161,2025-02-25,17,TV,Kids,Disney+
U200864,C100325,2025-03-31,15,Web,Music,Spotify
U200865,C100069,2025-05-19,24,Web,Music,Spotify
U200866,C100570,2025-07-03,5,Mobile,Sports,ESPN
U200867,C100545,2025-03-21,6,Mobile,Education,Coursera
U200868,C100971,2025-07-09,59,Web,Documentary,Netflix
U200869,C100736,2025-01-26,87,Mobile,Documentary,Netflix
U200870,C100121,2025-01-23,14,Mobile,Documentary,Netflix
U200871,C100188,2025-02-20,9,Mobile,Sports,ESPN
U200872,C100325,2025-07-10,30,TV,Movies,Prime Video
U200873,C100859,2025-03-30,15,TV,Education,Coursera
U200874,C100900,2025-03-27,1,Mobile,Sports,ESPN
U200875,C100149,2025-05-10,5,TV,Movies,Prime Video
U200876,C100744,2024-12-27,37,Mobile,Movies,Prime Video
U200877,C100030,2025-07-05,32,Web,Music,Spotify
U200878,C100783,2024-12-01,1,TV,Music,Spotify
U200879,C100326,2025-04-29,7,Mobile,Kids,Disney+
U200880,C100901,2024-10-01,7,Mobile,Series,Netflix
U200881,C100996,2025-01-20,33,Mobile,Education,Coursera
U200882,C100423,2025-05-10,1,Web,Series,Netflix
U200883,C100984,2024-09-13,3,Web,Education,Coursera
U200884,C100421,2024-12-01,48,Mobile,Kids,Disney+
U200885,C100310,2025-06-15,5,TV,Movies,Prime Video
U200886,C100453,2025-05-28,31,Mobile,Movies,Prime Video
U200887,C100763,2024-11-06,8,Web,Kids,Disney+
U200888,C100956,2025-01-01,3,Web,Music,Spotify
U200889,C100841,2025-04-20,8,TV,Documentary,Netflix
U200890,C100915,2024-09-29,38,Mobile,Documentary,Netflix
U200891,C100652,2024-09-14,58,TV,Sports,ESPN
U200892,C100955,2025-06-16,53,Web,Music,Spotify
U200893,C100756,2024-12-26,15,Mobile,Kids,Disney+
U200894,C100280,2025-03-30,33,Mobile,Education,Coursera
U200895,C100155,2025-06-18,6,TV,Music,Spotify
U200896,C100797,2025-07-23,10,TV,Kids,Disney+
U200897,C100192,2025-07-03,67,TV,Sports,ESPN
U200898,C100109,2025-07-04,1,Web,Education,Coursera
U200899,C100134,2024-10-21,2,Web,Documentary,Netflix
U200900,C100189,2025-04-03,6,Web,Documentary,Netflix
U200901,C100026,2024-12-24,1,Mobile,Education,Coursera
U200902,C100780,2025-07-31,6,Mobile,Education,Coursera
U200903,C100626,2024-11-28,26,TV,Series,EduPrime
U200904,C100631,2025-05-25,16,TV,Series,FitTrack
U200905,C100273,2024-09-09,66,Web,Series,Spotify
U200906,C100620,2024-09-16,51,TV,Movies,Prime Video
U200907,C100580,2025-08-09,12,Web,Music,Spotify
U200908,C100627,2025-07-21,9,Web,Sports,ESPN
U200909,C100236,2024-09-03,14,Mobile,Documentary,Netflix
U200910,C100610,2025-01-22,26,Web,Education,Coursera
U200911,C100237,2025-03-26,9,Mobile,Music,Spotify
U200912,C100236,2025-05-24,29,Web,Movies,Prime Video
U200913,C100703,2024-08-16,15,TV,Kids,Disney+
U200914,C100026,2025-02-22,24,Mobile,Sports,ESPN
U200915,C100367,2025-01-21,17,Web,Movies,Prime Video
U200916,C100081,2024-10-19,10,Web,Movies,Prime Video
U200917,C100704,2025-08-08,88,Mobile,Kids,Disney+
U200918,C100798,2024-11-19,43,TV,Movies,Prime Video
U200919,C100488,2024-08-12,4,Mobile,Movies,Prime Video
U200920,C100137,2024-12-01,60,Mobile,Series,MovieMax
U200921,C100514,2024-12-08,20,TV,Music,Spotify
U200922,C100866,2024-12-29,67,TV,Kids,Disney+
U200923,C100619,2025-01-15,48,TV,Kids,Disney+
U200924,C100480,2025-07-05,16,Mobile,Music,Spotify
U200925,C100729,2024-11-06,1,TV,Kids,Disney+
U200926,C100665,2025-04-16,9,Mobile,Education,Coursera
U200927,C100382,2025-08-08,23,Mobile,Music,Spotify
U200928,C100188,2025-01-25,30,Mobile,Music,Spotify
U200929,C100872,2024-08-22,8,TV,Sports,ESPN
U200930,C100396,2024-12-06,4,TV,Music,Spotify
U200931,C100503,2025-06-08,54,Mobile,Kids,Disney+
U200932,C100485,2024-10-23,124,Mobile,Documentary,Netflix
U200933,C100140,2024-11-08,22,TV,Sports,ESPN
U200934,C100167,2025-02-07,5,Mobile,Education,Coursera
U200935,C100197,2025-02-20,9,Web,Sports,ESPN
U200936,C100231,2024-08-25,1,Mobile,Documentary,Netflix
U200937,C100033,2025-03-07,73,Web,Music,Spotify
U200938,C100418,2025-01-16,3,Web,Music,Spotify
U200939,C100782,2025-07-12,25,Mobile,Music,Spotify
U200940,C100992,2024-09-20,9,Mobile,Music,Spotify
U200941,C100015,2024-09-12,24,Mobile,Kids,Disney+
U200942,C100947,2025-06-24,31,Web,Education,Coursera
U200943,C100276,2025-02-03,53,TV,Documentary,Netflix
U200944,C100973,2024-11-09,6,Web,Movies,Prime Video
U200945,C100422,2025-02-16,1,Web,Series,StreamFlix
U200946,C100227,2025-06-29,4,Web,Series,FitTrack
U200947,C100760,2024-12-17,69,TV,Movies,Prime Video
U200948,C100687,2025-03-14,62,Web,Series,EduPrime
U200949,C100207,2024-09-12,27,Web,Movies,Prime Video
U200950,C100775,2025-04-28,27,Mobile,Education,Coursera
U200951,C100209,2025-05-11,32,TV,Movies,Prime Video
U200952,C100067,2024-10-30,5,Web,Music,Spotify
U200953,C100181,2025-07-20,73,Web,Series,FoodDash
U200954,C100949,2025-01-25,16,Mobile,Education,Coursera
U200955,C100977,2024-09-05,14,TV,Movies,Prime Video
U200956,C100449,2025-05-04,21,TV,Series,TuneWave
U200957,C100887,2025-03-09,1,Mobile,Kids,Disney+
U200958,C100631,2024-08-18,5,Web,Music,Spotify
U200959,C100501,2025-01-22,40,Mobile,Series,Spotify
U200960,C100704,2025-06-16,2,TV,Music,Spotify
U200961,C100332,2024-09-21,27,TV,Series,EduPrime
U200962,C100887,2024-08-22,8,Web,Kids,Disney+
U200963,C100468,2025-02-07,14,Web,Education,Coursera
U200964,C100908,2024-12-03,10,TV,Music,Spotify
U200965,C100252,2025-06-27,13,TV,Education,Coursera
U200966,C100437,2024-09-20,38,Mobile,Education,Coursera
U200967,C100414,2024-12-28,10,Mobile,Sports,ESPN
U200968,C100794,2025-05-04,25,Web,Series,StreamFlix
U200969,C100042,2025-05-30,19,Mobile,Movies,Prime Video
U200970,C100622,2025-07-22,32,TV,Documentary,Netflix
U200971,C100752,2025-05-03,82,Mobile,Education,Coursera
U200972,C100844,2025-07-28,39,Mobile,Kids,Disney+
U200973,C100389,2024-10-10,7,TV,Series,GymFlex
U200974,C100737,2025-04-09,1,Mobile,Kids,Disney+
U200975,C100320,2024-12-02,9,TV,Kids,Disney+
U200976,C100403,2025-01-22,27,Mobile,Movies,Prime Video
U200977,C100626,2025-07-08,1,TV,Movies,Prime Video
U200978,C100961,2024-11-06,20,TV,Series,GymFlex
U200979,C100760,2024-09-14,27,Web,Series,FitTrack
U200980,C100585,2025-03-05,12,Web,Music,Spotify
U200981,C100608,2024-11-27,44,Mobile,Music,Spotify
U200982,C100549,2024-11-09,3,Web,Kids,Disney+
U200983,C100537,2024-12-22,2,Mobile,Kids,Disney+
U200984,C100656,2025-08-01,39,Mobile,Kids,Disney+
U200985,C100896,2025-07-22,20,Mobile,Movies,Prime Video
U200986,C100721,2025-02-17,34,Mobile,Education,Coursera
U200987,C100805,2025-07-12,17,Mobile,Kids,Disney+
U200988,C100039,2025-02-18,8,Mobile,Sports,ESPN
U200989,C100533,2025-07-19,51,Web,Series,Netflix
U200990,C100111,2025-01-14,48,Web,Series,MovieMax
U200991,C100462,2025-06-10,35,Web,Documentary,Netflix
U200992,C100467,2025-04-23,9,TV,Sports,ESPN
U200993,C100846,2024-09-09,26,TV,Education,Coursera
U200994,C100898,2024-09-02,13,Mobile,Education,Coursera
U200995,C100043,2024-11-15,2,TV,Kids,Disney+
U200996,C100898,2024-12-18,74,Web,Movies,Prime Video
U200997,C100251,2024-08-27,4,Mobile,Documentary,Netflix
U200998,C100531,2024-11-08,90,Mobile,Movies,Prime Video
U200999,C100550,2025-05-25,17,Web,Movies,Prime Video
